,COUNTY,CTYNAME,TOT_POP,TOT_MALE,TOT_FEMALE,WA_MALE,WA_FEMALE,BA_MALE,BA_FEMALE,IA_MALE,IA_FEMALE,AA_MALE,AA_FEMALE,NA_MALE,NA_FEMALE,TOM_MALE,TOM_FEMALE,NH_MALE,NH_FEMALE,H_MALE,H_FEMALE,TOT_H,TOT_WA,TOT_BA,TOT_IA,TOT_AA,TOT_NA,TOT_OTHER,TOT_TOM,TOT_18+,TOT_H_18+,TOT_WA_18+,TOT_BA_18+,TOT_IA_18+,TOT_AA_18+,TOT_NA_18+,TOT_OTHER_18+,TOT_TOM_18+,TOT_HOUS_UNITS,OCC_HOUS_UNITS,VAC_HOUS_UNITS,Land Area in Sq Miles,Population per Sq Mile,Persons Below Poverty Level in Percent,Persons per Household,Living in the same house 1 year & over 2009-2013 percent,High school graduate or higher 2009-2013 percent of persons over 25,Bachelors degree or higher 2009-2013 percent of persons over 25,Homeownership rate 2009-2013,MHI,Pop as % of total Pop,M Pop as % of total Pop,M Pop as % of total M Pop,F Pop as % of total Pop,F Pop as % of total F Pop,H Pop as % of total Pop,WA Pop as % of total Pop,BA Pop as % of total Pop,AA Pop as % of total Pop,Other Pop as % of total Pop,H Pop as % of total Pop 18+,WA Pop as % of total Pop 18+,BA Pop as % of total Pop 18+,AA Pop as % of total Pop 18+,Other Pop as % of total Pop 18+,% OCC TOTAL,M Pop as % of total Pop COUNTY,F Pop as % of total Pop COUNTY,H Pop as % of total Pop COUNTY,WA Pop as % of total Pop COUNTY,BA Pop as % of total Pop COUNTY,AA Pop as % of total Pop COUNTY,Other Pop as % of total Pop COUNTY,H Pop as % of total Pop 18+ COUNTY,WA Pop as % of total Pop 18+ COUNTY,BA Pop as % of total Pop 18+ COUNTY,AA Pop as % of total Pop 18+ COUNTY,Other Pop as % of total Pop 18+ COUNTY,% OCC COUNTY
0,1,Alachua County,247336,119786,127550,86242,90127,23663,27135,426,414,6680,6865,82,73,2693,2936,109756,116828,10030,10722,20752,157466,49420,603,13098,122,703,5172,203051,16743,134950,35999,483,11215,99,419,3143,112766,100516,12250,875.02,282.7,24.9,2.43,74.2,91.2,40.5,54.1,40644,1.3155253543503085,0.6371151797401351,1.3035300083629373,0.6784101746101734,1.326993311974515,0.11037528767942233,0.8375267468064724,0.2628540245333969,0.06966535842449276,0.035103936906524066,0.11313434850852604,0.9118724440796503,0.2432493228189947,0.07578102601225105,0.028001477645543324,1.1181390009321903,48.43047514312514,51.56952485687486,8.390206035514442,63.664812239221135,19.980916647798946,5.295630235792606,2.668434841672866,8.245711668497076,66.46113537978144,17.7290434422879,5.52324292911633,2.04086658031726,89.13679655215225
1,3,Baker County,27115,14160,12955,11601,11220,2286,1411,38,39,67,71,2,3,166,211,13870,12725,290,230,520,22353,3651,72,129,5,13,372,20068,356,16532,2813,61,96,4,6,200,9687,8772,915,585.23,46.3,17.3,3.01,85.2,80.1,10.0,79.7,47276,0.14421867412430303,0.07531390099945164,0.15409133720484192,0.06890477312485141,0.13478007335656483,0.0027657647259685626,0.11889065176841401,0.019418859643290813,0.0006861224031729703,0.002457275583456685,0.0024055323459974474,0.11170859759558935,0.019007759801378706,0.0006486828798195364,0.0018311777128238995,0.09757964220797857,52.222017333579196,47.7779826664208,1.9177576986907616,82.4377650746819,13.464871842153789,0.47575142909828505,1.7038539553752536,1.7739685070759417,82.37990831174008,14.017341040462428,0.47837352999800675,1.35040861072354,90.5543511923196
2,5,Bay County,168852,83656,85196,70181,70717,9058,9350,603,609,1373,2068,95,85,2346,2367,79463,81282,4193,3914,8107,133790,17844,1033,3298,140,223,4417,131776,5346,107601,12749,828,2694,118,111,2329,99650,68438,31212,758.46,222.6,14.7,2.48,79.6,87.0,21.1,62.5,47770,0.8980863567485456,0.4449477190685117,0.9103576910457807,0.45313863768003404,0.8863545449390889,0.04311933583351373,0.7115993513217962,0.09490828032727507,0.017541330896623693,0.03091805836933703,0.036123527869950434,0.7270721515777285,0.08614643786270072,0.018203663314935743,0.022879585740301567,0.7613036426618374,49.54397934285647,50.45602065714353,4.801246061639779,79.2350697652382,10.567834553336649,1.953189775661526,3.442659844123848,4.056884409907722,81.6544742593492,9.674751092763477,2.0443783389995143,2.569511898980087,68.6783743100853
3,7,Bradford County,28520,16010,12510,11758,10238,3944,1914,45,56,62,94,9,6,192,202,15264,12236,746,274,1020,21066,5777,85,149,11,26,386,22885,819,16961,4709,69,117,9,11,190,11011,9479,1532,293.96,97,18.2,2.72,87.2,75.5,9.2,77.8,41126,0.15169155766273731,0.08515364088991671,0.17422332688202818,0.06653791677282062,0.1301504220525377,0.00542515388555372,0.11204538407164182,0.0307265823498469,0.0007924979695563767,0.002701939386138519,0.0055340758184604195,0.11460739921478288,0.03181924667781455,0.00079058225978006,0.001885234619475528,0.10544430329336854,56.13604488078542,43.86395511921459,3.576437587657784,73.86395511921458,20.255960729312765,0.5224403927068724,1.7812061711079945,3.5787633821280314,74.1140485033865,20.576797028621368,0.511251911732576,1.2191391741315272,86.08664063209518
4,9,Brevard County,543376,266242,277134,226404,233570,27255,28977,1243,1153,4899,6842,327,328,6114,6264,244765,254668,21477,22466,43943,421466,52677,1709,11098,385,1075,11023,435690,30482,350362,37791,1383,9006,304,611,5751,269864,229692,40172,"1,015.66",535,13.5,2.44,85.4,90.2,26.3,73.5,49523,2.890096487957488,1.4160821772525425,2.897287132774825,1.4740143107049455,2.883221987618544,0.23372307567930106,2.241684223067435,0.28017728551893456,0.059027801786152134,0.07548410190566508,0.2059703285693657,2.3674357410347127,0.2553580699089594,0.06085456266307026,0.05438800520486926,2.5550915615634993,48.99774741615383,51.00225258384617,8.08703365625276,77.56433850593328,9.694392096816937,2.042416301051206,2.6118194399458203,6.996258807867979,80.41543299134706,8.673827721545136,2.067066033188735,1.8474144460510913,85.11398333975633
5,11,Broward County,1748066,846571,901495,575769,593701,223046,255825,3082,3032,28433,31117,807,825,15434,16995,635046,674773,211525,226722,438247,760817,449677,3394,55692,762,9152,30325,1356717,327009,639231,318618,2421,43072,607,6270,19489,810388,686047,124341,"1,209.79","1,444.90",14.3,2.67,83.3,87.8,29.9,65.9,51694,9.297575541278773,4.5027234804383305,9.21251818000284,4.794852060840441,9.378893263649278,2.330938642041432,4.0466169644562004,2.391732278229549,0.2962134021512331,0.23207425440035828,2.209636873405279,4.319356311978355,2.1529379354410527,0.2910423854123653,0.19451702147255204,7.631580118314759,48.42900668510228,51.57099331489772,25.070392079017612,43.52335666959944,25.724257550916267,3.185920897723541,2.4960728027431456,24.10296325615438,47.11601608883798,23.48448497365331,3.174722510295073,2.1218131710592556,84.65660893300493
6,13,Calhoun County,14625,7955,6670,6315,5712,1350,667,83,85,35,48,14,4,158,154,7420,6450,535,220,755,11357,1991,144,71,8,6,293,11493,551,8955,1650,116,58,6,2,155,5999,5061,938,567.33,25.8,23.5,2.7,87.5,73.5,7.8,79.0,31699,0.07778713291786582,0.04231088152899984,0.08656755561190095,0.03547625138886599,0.06939275100642897,0.004015677630973586,0.06040536537081725,0.010589687633468093,0.0003776332606610922,0.0023987690219458113,0.003723169445630881,0.06050994988316613,0.011149236996898283,0.00039191257322430327,0.001885234619475528,0.05629851450234605,54.3931623931624,45.60683760683761,5.162393162393163,77.65470085470085,13.613675213675213,0.4854700854700854,3.083760683760684,4.794222570260159,77.9169929522318,14.356564865570348,0.5046550073958062,2.427564604541895,84.36406067677946
7,15,Charlotte County,159978,77762,82216,70824,75113,4750,4605,226,228,804,1173,48,28,1110,1069,73208,77557,4554,4659,9213,137628,8622,348,1884,49,184,2050,137100,6397,120947,6696,294,1508,37,112,1109,100632,73370,27262,680.28,235.2,12.6,2.24,84.1,88.8,21.2,79.0,45037,0.8508875179442283,0.4135988396553219,0.8462182601499234,0.43728867828890644,0.8553514867683005,0.04900190465451609,0.7320128225107718,0.04585850666788644,0.010020578353316871,0.013993705757737092,0.04322525398130807,0.8172525860993071,0.045245630867412664,0.010189726903831884,0.01048703989041584,0.8161671624258309,48.60793359086875,51.39206640913125,5.7589168510670214,86.029329032742,5.389491055020065,1.1776619285151708,1.6446011326557404,4.665937272064187,88.21808898614151,4.884026258205689,1.099927060539752,1.1320204230488695,72.90921376898004
8,17,Citrus County,141236,68359,72877,64239,68414,2072,2006,261,238,848,1217,12,33,927,969,65091,69561,3268,3316,6584,126549,3767,418,1979,33,129,1777,118842,4674,108390,2764,355,1596,27,69,967,78026,63304,14722,581.7,242.8,16.8,2.29,88.0,86.0,16.6,82.6,37933,0.7512029746863383,0.3635863671201634,0.7438933418069059,0.3876166075661749,0.7581912316485043,0.03501883645341734,0.6730860775126839,0.02003583792831457,0.01052586229363805,0.012536360498284427,0.03158274771121368,0.7324035139962454,0.018676661248137487,0.010784352876999793,0.009581586704001069,0.7041930768734469,48.40054943498825,51.59945056501175,4.661700982752272,89.60109320569826,2.6671670112435923,1.4012008269846215,1.6688379733212493,3.9329529964154086,91.20512949967183,2.325777082176335,1.342959559751603,1.1931808619848203,81.1319303821803
9,19,Clay County,190865,93491,97374,78700,80897,9353,10044,481,476,2502,3274,117,131,2338,2552,86300,89956,7191,7418,14609,147257,18085,734,5429,179,306,4266,140695,9305,112175,12290,550,4121,140,155,1959,75478,68792,6686,604.36,315.8,9.8,2.82,85.3,90.2,24.0,76.6,61185,1.0151686238884416,0.49725790383755175,1.0173837010323359,0.5179107200508901,1.0130509350074983,0.07770203246475911,0.7832273389460628,0.09619010590219511,0.028875647494775628,0.02917349908064917,0.06287493954917486,0.7579791879557969,0.08304492284356357,0.027846064038919892,0.018946945781395625,0.7652415351996422,48.98278888219422,51.017211117805786,7.654101066198622,77.15243758677599,9.475283577397638,2.844418830063134,2.8737589395646137,6.613596787376951,79.72920146416006,8.735207363445753,2.9290308824052027,1.9929635026120334,91.14178966056335
10,21,Collier County,321520,158494,163026,143372,147419,10820,10939,845,747,1693,2078,173,143,1591,1700,114602,123741,43892,39285,83177,211156,19898,609,3390,72,431,2787,258873,56742,183852,13270,440,2655,62,278,1574,197298,133179,64119,"1,998.32",160.9,14.1,2.64,84.8,85.8,31.7,74.1,58106,1.7100936051796392,0.8429944509185796,1.7247565253491675,0.8670991542610594,1.6960753561580344,0.4424000242536291,1.1230919547627267,0.1058330509948509,0.018030658501987363,0.02073791666644505,0.38341212465333474,1.2423088002143896,0.089666893908388,0.017940135895009052,0.01590624478224155,1.4814818934811191,49.29522269221199,50.70477730778801,25.869930330928092,65.67429708882807,6.188728539437671,1.0543667578999751,1.2126772829061956,21.918855964121402,71.02015273898785,5.1260656769921935,1.0255994252007743,0.9093261946977862,67.5014445154031
11,23,Columbia County,67531,34951,32580,27200,26246,6687,5243,191,170,275,366,29,18,569,537,33127,31128,1824,1452,3276,50475,11663,316,611,36,94,1060,52338,2267,40016,8736,241,500,28,36,514,28636,24941,3695,797.57,84.7,19.8,2.69,78.8,82.6,13.3,70.8,38214,0.35918241867189044,0.1858966210333216,0.3803422547066687,0.1732857976385688,0.3389528977195586,0.017424317773601945,0.26846533566012154,0.06203291153648337,0.0032497735530130616,0.008010080148670492,0.015318375922405094,0.2703926470714434,0.05903014206357782,0.0033785566657267524,0.0055340758184604195,0.2774434400717275,51.75549007122655,48.244509928773454,4.8511054182523585,74.74345115576551,17.27058684159867,0.9047696613407177,2.2300869230427507,4.331460888837938,76.45687645687646,16.691505216095383,0.9553288241812832,1.564828614008942,87.0966615449085
12,27,DeSoto County,34862,19718,15144,16269,13012,2882,1714,218,149,115,102,38,22,196,145,12984,11453,6734,3691,10425,19549,4338,62,169,4,29,286,27027,7041,16231,3381,49,140,4,21,160,14590,11445,3145,637.06,54.7,29.6,2.89,82.0,71.3,10.6,71.8,43605,0.18542324976291547,0.10487567089740024,0.21457436348905878,0.08054757886551522,0.15755379628806002,0.05544826397735051,0.10397679736146045,0.02307286034856082,0.0008988735359397829,0.0020264545396038894,0.047576834966764125,0.10967470648282182,0.0228458001736443,0.0009459958664034905,0.00158116451956012,0.12731406806547135,56.560151454305554,43.43984854569445,29.90361998737881,56.075382938443006,12.443348058057484,0.48476851586254377,1.0928805002581607,26.051726051726053,60.05476005476006,12.509712509712509,0.5180005180005179,0.8658008658008658,78.44413982179576
13,29,Dixie County,16422,8842,7580,7733,6960,961,431,28,41,22,33,1,1,97,114,8514,7396,328,184,512,14220,1364,63,48,2,4,209,13278,374,11534,1136,54,43,1,3,133,9319,6316,3003,705.05,23.3,17.4,2.49,87.1,78.5,8.4,78.5,35979,0.08734497755741488,0.04702863789810391,0.0962200285003681,0.040316339659310974,0.07886012783039455,0.0027232144994152004,0.07563302769860185,0.007254813627348307,0.000255301359320175,0.001478620372729347,0.0025271603859636105,0.07793654516498472,0.0076760807445311816,0.0002905558732525007,0.0012906086463076193,0.07025912222817973,53.84240652782852,46.15759347217148,3.1177688466691023,86.5911582024114,8.305931068079406,0.2922908293752283,1.6928510534648642,2.816689260430788,86.86549179093237,8.555505347190842,0.32384395240247027,1.4384696490435305,67.7755123940337
14,31,Duval County,864263,419425,444838,268775,274404,120669,137879,1988,1887,17354,19491,498,454,10141,10723,386206,412659,33219,32179,65398,488826,250063,2816,35381,688,2006,19085,660749,45316,398783,175665,2256,27324,542,1073,9790,388486,342450,46036,762.19,"1,133.90",16.9,2.58,81.5,87.9,26.4,61.6,32312,4.596823306461093,2.2308285965180086,4.564248524515594,2.365994709943084,4.6279659028782385,0.3478374645171001,2.5999571306467475,1.330029662826686,0.18818369571056484,0.13081535275999387,0.306205347728147,2.6946219256570227,1.1869883133697798,0.18463136466863556,0.09230892522098633,3.8094104507663316,48.529787807646514,51.47021219235348,7.566909609690568,56.559866614676324,28.933669496438007,4.09377701000737,2.8457772691877357,6.858277500230798,60.35317495751033,26.585738306073864,4.135307053056455,2.0675021831285405,88.14989471950084
15,33,Escambia County,297619,147119,150500,104841,103782,32639,36286,1450,1278,3717,4622,231,235,4241,4297,139324,144234,7795,6266,14061,196901,67443,2384,8015,400,472,7943,233465,10087,162543,47355,1967,6640,339,232,4302,136703,116238,20465,656.46,453.4,18.1,2.51,80.9,87.9,23.7,64.1,49463,1.5829694845731495,0.7824933475380174,1.6009719942259277,0.8004761370351322,1.5657584747327677,0.07478734194585376,1.0472727698229538,0.35871436617980346,0.04263000822815006,0.05956499839638833,0.0681590021743715,1.098321472234447,0.31998310181098066,0.04486723252085127,0.04621865518714197,1.2930303751676941,49.43199190911871,50.56800809088129,4.724496755919481,66.15874658539946,22.66085162573626,2.693040430886469,3.7628646020583365,4.320561968603431,69.62199901484163,20.283554280084807,2.8441093954125884,2.929775341057546,85.02958969444708
16,35,Flagler County,95696,46016,49680,38787,41530,5253,5968,176,123,964,1145,33,38,803,876,42071,45374,3945,4306,8251,72860,10470,223,2020,47,290,1535,76660,5813,60540,7582,176,1613,33,170,733,48595,39186,9409,485.46,197.1,16.6,2.71,88.2,90.2,23.3,80.2,43573,0.5089858100313223,0.2447489031349411,0.5007533172894071,0.26423690689638113,0.5168563523237468,0.04388523991147426,0.38752618833474906,0.05568760900171318,0.010743932204724032,0.011142840578661805,0.03927909979573922,0.40907564108619515,0.05123243327908047,0.010899223803634504,0.007513910024576297,0.4359046807526047,48.08560441397759,51.9143955860224,8.622094967396757,76.13693362313995,10.940896171208827,2.1108510282561443,2.1892242099983283,7.582833289851291,78.97208452908949,9.890425254369946,2.1040960083485523,1.4505609183407253,80.63792571252186
17,37,Franklin County,11549,6656,4893,5320,4354,1190,403,43,29,12,15,6,2,85,90,6257,4763,399,130,529,9188,1574,52,26,2,3,175,9579,451,7569,1408,46,18,2,2,83,8652,4254,4398,534.73,21.6,20.6,2.23,80.0,79.3,14.4,69.7,48090,0.06142657080809795,0.035401788492397605,0.0724316342115415,0.02602478231570034,0.050905356922707194,0.0028136337308410954,0.04886893519653684,0.008371757074374073,0.00013828823629842815,0.0012339565700475127,0.0030474581124855307,0.05114459080577157,0.009514015570686535,0.00012162803996616308,0.000898696073083316,0.04732145439497729,57.63269547146939,42.36730452853061,4.58048315871504,79.55667157329638,13.628885617802409,0.2251277166854273,2.008831933500736,4.708215888923687,79.01659880989665,14.698820336152,0.18791105543376135,1.3884539095939035,49.16782246879335
18,39,Gadsden County,46389,22647,23742,9883,9352,12274,13887,119,116,104,142,24,27,243,218,20292,21678,2355,2064,4419,15335,25881,93,221,7,39,394,35184,2663,13319,18677,71,186,5,18,245,19506,16952,2554,516.33,89.8,26.5,2.62,89.4,77.2,14.9,71.2,36490,0.24673280744799164,0.12045437259425007,0.24644820011850668,0.12627843485374157,0.24700490170834136,0.023503681392413614,0.08156346552447676,0.13765530167844686,0.0011754500085366393,0.0028349088441177767,0.01799419280166068,0.08999799246162922,0.1262026056915571,0.0012568230796503519,0.0022906614193627384,0.18857388220584276,48.81976330595615,51.18023669404385,9.525965207268964,33.05740585052491,55.791243613787756,0.47640604453642027,1.1489792838819548,7.5687812642110055,37.85527512505684,53.08378808549341,0.5286493860845839,0.9635061391541611,86.90659284322773
19,41,Gilchrist County,16939,8836,8103,8021,7654,637,263,43,52,26,36,11,1,98,97,8321,7773,515,330,845,14882,884,63,59,1,12,193,13308,576,11802,710,48,49,1,5,117,7307,6121,1186,349.68,48.4,24.1,2.51,85.1,79.8,11.1,79.7,35728,0.09009478594842593,0.04699672522818889,0.09615473556087452,0.04309806072023705,0.08430126857647585,0.004494367679698914,0.0791540589458926,0.004701800034146557,0.00031380792083104844,0.001430751367856814,0.0038920972789172185,0.07974745153781426,0.004797550465331988,0.0003310985532412217,0.0011554663796785492,0.06808994413532111,52.163646023968354,47.836353976031646,4.98848810437452,87.85642599917351,5.218726016884114,0.34830863687348723,1.588051242694374,4.328223624887286,88.68349864743011,5.335136759843703,0.3681995792004809,1.284941388638413,83.76898864102915
20,43,Glades County,12884,7443,5441,5787,4637,1199,420,361,306,33,29,0,2,63,47,5725,4439,1718,1002,2720,7947,1538,518,46,2,10,103,10467,1866,6843,1368,304,40,1,1,44,6979,4533,2446,806.01,16,24.5,3.05,87.5,78.0,12.2,72.1,37039,0.06852713986419032,0.03958766702958464,0.08099589144178236,0.028939472834605677,0.05660659043867767,0.01446707702814325,0.04226833130244648,0.008180281054883942,0.0002446638026818344,0.003366786676034808,0.01260877347649224,0.046238926527136334,0.009243731037428394,0.00027028453325814015,0.0023649896660087265,0.050425047666298094,57.76932629618131,42.23067370381869,21.111456069543618,61.681154920832036,11.937286556969886,0.3570319776466936,4.913070475007761,17.827457724276297,65.3768988248782,13.069647463456576,0.38215343460399354,3.343842552784943,64.95199885370397
21,45,Gulf County,15863,9484,6379,7055,5465,2251,716,35,31,22,24,2,2,119,141,8938,6247,546,132,678,11881,2937,59,41,3,8,256,13289,584,9836,2612,54,35,3,5,160,9110,5335,3775,564.01,28.1,16.4,2.49,85.1,79.5,13.6,71.3,39429,0.08437178047699868,0.05044329357901125,0.10320637302618084,0.03392848689798743,0.0663652711649191,0.0036061317003974725,0.06319240521006249,0.01562125192340321,0.00021806991108598282,0.0017339217320495222,0.003946154185568846,0.06646296672817667,0.017649580021756553,0.00023649896660087264,0.0015000791595826779,0.059346487822567906,59.78692555002206,40.21307444997794,4.274096955178718,74.89756036058753,18.514782827964446,0.2584630902099224,2.0550967660593837,4.394612085183234,74.01610354428475,19.655354052223643,0.2633757242832418,1.6705545940251336,58.562019758507134
22,47,Hamilton County,14799,8721,6078,5278,3991,3251,1875,61,59,35,46,0,1,96,106,7891,5602,830,476,1306,8124,5038,70,73,0,13,175,11886,896,6720,4045,54,61,0,5,105,5778,4617,1161,513.79,28.8,23.6,2.45,82.9,75.1,9.4,75.1,39178,0.07871260034540146,0.0463850657214843,0.09490328755391429,0.032327534623917166,0.06323375421545356,0.006946324484836429,0.043209755064939626,0.02679600517198004,0.00038827081729943285,0.0013722448063459407,0.0060543735449823406,0.04540780158736755,0.02733252342572943,0.00041218391321866377,0.0011081665863583747,0.05135946284476027,58.92965740928441,41.07034259071558,8.824920602743429,54.89560105412528,34.04284073248193,0.49327657274140146,1.743361037907967,7.538280329799764,56.53710247349824,34.03163385495541,0.5132088170957428,1.3797745246508497,79.90654205607477
23,49,Hardee County,27731,14868,12863,13223,11519,1147,879,166,144,164,154,8,6,160,161,8156,7680,6712,5183,11895,13315,1877,91,294,8,6,245,20056,7414,10847,1427,68,177,8,4,111,9722,8245,1477,637.78,43.5,29.6,3.38,86.4,64.2,8.8,70.5,37613,0.14749504156891194,0.07907959604942422,0.161795904065084,0.06841544551948774,0.1338229319633727,0.06326686810653087,0.07081953331975271,0.009983346905082678,0.001563720825836072,0.0018615724117096095,0.050097238239396276,0.07329440830627616,0.009642400723984151,0.0011960090596672703,0.0012906086463076193,0.09171729936215041,53.615087807868456,46.38491219213155,42.89423388987054,48.01485701922037,6.768598319570156,1.060185352132992,1.2621254192059428,36.96649381731153,54.08356601515756,7.115077782209813,0.8825289190267251,0.9523334662943757,84.80765274634848
24,51,Hendry County,39140,21198,17942,17360,14647,2981,2518,458,412,170,158,33,22,196,185,10268,9629,10930,8313,19243,13650,5057,580,275,11,49,275,28254,12729,11133,3663,353,213,10,16,137,14564,12025,2539,"1,152.75",34,26.7,3.15,83.4,64.4,9.9,69.6,37466,0.20817698341232607,0.1127474628097723,0.2306799552308078,0.09542952060255375,0.18666337909405528,0.10234925119579433,0.07260132405667477,0.026897061960044273,0.001462664037771836,0.004866682162040836,0.08601129559607167,0.07522694271907186,0.024751306133114187,0.0014392651395995965,0.0034866704790300082,0.13376598239294826,54.15942769545222,45.84057230454778,49.16453755748595,34.87480838017373,12.920286152273889,0.7026060296371998,2.3377618804292286,45.052028031429174,39.40327033340412,12.964535994903375,0.7538755574431939,1.8262900828201316,82.56660258170832
25,53,Hernando County,172778,82534,90244,75672,82488,4353,4821,333,349,789,1167,63,55,1324,1364,73975,81007,8559,9237,17796,141847,8165,483,1815,62,244,2366,138620,12266,117399,5850,394,1350,48,148,1165,84504,71745,12759,472.54,365.6,15.4,2.44,85.3,86.5,15.5,79.3,37298,0.9189678804296084,0.43898004979440264,0.8981479113604817,0.4799878306352057,0.9388724770351089,0.0946529789679549,0.7544527482393514,0.043427824976025604,0.009653582649294118,0.016780745596982338,0.08288275212360868,0.79327834799931,0.039529112989003,0.00912210299746223,0.011858733896700899,0.7980906783186756,47.768813159082754,52.231186840917246,10.299922443829654,82.09783653011378,4.725717394575699,1.050480964011622,1.8260426674692378,8.848650988313375,84.6912422449863,4.220170249603232,0.9738854422161304,1.2660510748809697,84.90130644703208
26,55,Highlands County,98786,48273,50513,41884,43721,4634,4974,283,258,716,814,39,36,717,710,39005,42624,9268,7889,17157,69804,8750,375,1402,37,100,1161,80814,11667,61040,6065,295,1054,30,60,603,55386,42604,12782,"1,016.62",97.2,20.1,2.42,84.4,81.0,14.9,77.9,42011,0.5254208350375585,0.2567533858013085,0.5253143446955744,0.26866744923625,0.5255226434164537,0.09125427962200507,0.37127200179136455,0.04653931029274024,0.00745692720347678,0.008898316127971935,0.07883524123806804,0.4124541977519219,0.0409818923552655,0.007121997451351994,0.006676027971476062,0.4739264793238394,48.86623610633086,51.13376389366915,17.36784564614419,70.66183467292936,8.857530419290182,1.4192294454679812,1.693559816168283,14.436855000371224,75.5314673200188,7.504887766971069,1.3042294651916748,1.2225604474472245,76.9219658397429
27,57,Hillsborough County,1229226,599084,630142,461102,476643,100356,112064,2985,3023,20407,23290,710,765,13524,14357,446893,475698,152191,154444,306635,660565,191260,2948,41328,703,2992,22795,935018,214675,537210,134466,2326,31800,540,1792,12209,536092,474030,62062,"1,020.21","1,204.90",16.8,2.63,81.7,86.8,29.5,60.0,34946,6.5379805981604475,3.1863949905618276,6.519325893928356,3.3515856075986195,6.555815128139905,1.630923589898789,3.513398800402738,1.017269541324514,0.21981447037467072,0.15657419615973567,1.4505833044297811,3.629988852790137,0.9086020012272269,0.21487620394022144,0.11397223056162627,5.27310508388601,48.736684710541425,51.26331528945857,24.945372128477594,53.73828734504477,15.559384523269115,3.3621156727892183,2.3948403304193047,22.959451048001213,57.45450889715492,14.38111351867023,3.4010040448419177,1.8039224913317178,88.42325570984086
28,59,Holmes County,19927,10594,9333,9328,8807,938,209,84,77,34,58,12,15,198,167,10303,9180,291,153,444,17722,1140,143,83,27,6,362,15645,309,13873,1018,130,64,18,1,232,8641,7354,1287,478.78,41.6,23.8,2.65,87.6,75.5,12.0,79.3,49536,0.10598729556610682,0.0563471375132903,0.1152855668324926,0.04964015805281653,0.09709783285502273,0.002361537573711619,0.0942593893723363,0.006063407283854157,0.00044145860049113597,0.002861502735713628,0.002087948019419133,0.09374143324725447,0.006878741371419668,0.00043245525321302427,0.002574460179283785,0.08180582407631948,53.16404877803984,46.83595122196015,2.2281326842976865,88.93461133135946,5.720881216440006,0.41652029909168464,2.6998544688111608,1.9750719079578138,88.67369766698626,6.506871204857783,0.40907638223074466,2.4352828379674016,85.10589052193033
29,61,Indian River County,138028,66748,71280,58570,62788,6222,6417,277,265,858,859,30,32,791,919,58573,63990,8175,7290,15465,106780,12074,277,1646,49,189,1548,112076,10301,91052,8241,220,1326,34,131,771,76346,60176,16170,502.87,274.5,15.1,2.37,84.3,87.0,26.6,74.9,32247,0.73414033383844,0.35501781524798004,0.7263621875528804,0.3791225185904599,0.7415765055079846,0.0822549067059689,0.567939148921006,0.06421892942566236,0.008754709113354336,0.010972639672448357,0.06960502442730254,0.6152486830555044,0.05568537096450833,0.008959932277507347,0.0078112230111602515,0.6693972354659506,48.35830411220912,51.64169588779088,11.204248413365404,77.36111513605935,8.747500507143478,1.192511664299997,1.4946242791317705,9.191084621149933,81.24130054605804,7.353046147257218,1.1831257361076413,1.0314429494271744,78.82010845361906
30,63,Jackson County,49746,27252,22494,18636,16350,7806,5480,218,139,134,118,53,27,405,380,25730,21873,1522,621,2143,33111,13106,305,227,25,50,779,39839,1690,26799,10481,252,187,20,24,386,21003,17417,3586,917.76,54.2,19.9,2.55,86.1,78.0,14.2,74.3,47341,0.2645879462654464,0.14494734675402937,0.29656053117982706,0.11964059951141703,0.23402107063547425,0.01139814193798198,0.17611006892604822,0.06970790865104612,0.001207362678451661,0.006164464071918394,0.011419521530156422,0.18108388016962246,0.07082130482696418,0.0012635801929818053,0.0046083512920512895,0.1937465376580441,54.782294053793265,45.217705946206735,4.3078840509789735,66.56012543722109,26.34583685120412,0.4563180959273107,2.329835564668516,4.242074349255755,67.2682547252692,26.308391274881398,0.46938929189989703,1.7118903586937424,82.92624863114794
31,65,Jefferson County,14761,7727,7034,4801,4325,2786,2570,28,20,22,35,3,2,87,82,7391,6824,336,210,546,8668,5293,33,49,4,9,159,12013,389,7362,4090,25,41,4,7,95,6632,5646,986,598.1,24.7,17.2,2.36,90.1,81.2,16.9,75.5,38257,0.078510486769273,0.04109820007222901,0.08408642391114501,0.03741228669704398,0.0731797017360152,0.0029040529622669908,0.04610317047056827,0.02815229364336847,0.0002606201376393454,0.001090349555429914,0.0026285170859354132,0.049745868346160696,0.027636593525644834,0.00027704164658959367,0.0008851818464204091,0.06280604878092191,52.34740193753811,47.65259806246189,3.698936386423684,58.72230878666757,35.85800420025744,0.33195582955084346,1.3887947971004673,3.2381586614500955,61.28360942312495,34.04644967951386,0.3412969283276451,1.0904853075834513,85.13268998793727
32,67,Lafayette County,8870,5481,3389,4162,3123,1219,203,41,10,6,8,1,1,52,44,4744,3050,737,339,1076,6266,1396,20,13,2,7,90,7085,749,4964,1277,16,11,2,4,62,3328,2580,748,543.41,16.3,20.2,2.75,85.1,78.4,9.3,79.9,41359,0.047177563691040675,0.02915222396737249,0.05964510022738267,0.01802533972366819,0.03525817588617508,0.005723005471427256,0.03332746494792118,0.007425014533561757,6.914411814921407e-05,0.0006329346199812672,0.005061077885258674,0.03354231057733519,0.008628833724266125,7.432824664598856e-05,0.0005675975198420944,0.028699894767052522,61.792559188275085,38.207440811724915,12.130777903043969,70.64261555806088,15.738444193912063,0.14656144306651636,1.3416009019165727,10.571630204657728,70.06351446718419,18.023994354269586,0.155257586450247,1.18560338743825,77.52403846153845
33,69,Lake County,297052,143937,153115,123299,130787,14533,15564,1002,898,2563,3181,182,185,2358,2500,125964,135079,17973,18036,36009,221365,27796,965,5055,194,1052,4616,235311,23523,184587,19425,719,3759,130,673,2495,144996,121289,23707,938.38,316.6,13.8,2.53,85.1,86.4,20.5,75.3,46445,1.57995373726618,0.7655689949264174,1.5663449719811675,0.8143847423397625,1.5929641784631743,0.1915238884950038,1.1773913626231365,0.14784076215965802,0.026886424403405936,0.036311299584975726,0.1589475768957808,1.2472752785130081,0.13125692646348433,0.025399989012933725,0.02714332425244873,1.3492176497678423,48.455152633208996,51.544847366791004,12.1221200328562,74.52062265192626,9.357284246529227,1.7017222573825457,2.2982508113057647,9.996557746981654,78.44384665400258,8.255032701403673,1.597460382217576,1.7071025153945203,83.64989379017352
34,71,Lee County,618754,303600,315154,267591,276518,25677,27679,1817,1354,3929,5041,406,285,4180,4277,244982,260464,58618,54690,113308,439048,47751,1292,8252,197,1581,7325,497885,75972,377398,32111,1001,6414,161,1068,3760,371099,259818,111281,784.51,788.7,15.4,2.59,80.9,86.9,24.7,70.8,46477,3.291015360099908,1.6147810977001071,3.303822738375,1.676234262399801,3.278771072065984,0.6026601337885499,2.3351989834750877,0.2539769835187016,0.04389055868979343,0.05528870062777541,0.5133514140171856,2.55012105706389,0.21697766618630349,0.04334012490794278,0.04047510885540649,2.8902128909248264,49.06634947006403,50.93365052993597,18.312285657951303,70.95679381466626,7.717283443824202,1.333647944094099,1.679989139464149,15.258945338783054,75.80023499402473,6.449481305924058,1.288249294515802,1.2030890667523626,70.01312318276256
35,73,Leon County,275487,131134,144353,86025,90704,38132,46058,395,444,3986,4238,90,82,2506,2827,123605,136521,7529,7832,15361,163483,82386,681,7950,121,511,4994,221514,12098,137019,62262,555,6214,107,289,2970,124136,110945,13191,666.85,413.1,23.2,2.4,72.8,91.8,44.2,53.8,50014,1.465254282813272,0.6974726761060799,1.427020721258456,0.7677816067071922,1.50180686447242,0.08170175376077518,0.8695298359529202,0.4381928706031654,0.04228428763740399,0.033545534859007166,0.08174755708392449,0.9258529115624278,0.4207113902429581,0.041988702241652076,0.02649464137262919,1.2341510949343573,47.60079422985476,52.39920577014523,5.575943692442838,59.343272096323965,29.905585381524357,2.885798603926864,2.289400225781979,5.461505819045297,61.855684065115526,28.107478534088138,2.805240300838773,1.7700912809122675,89.37375136946575
36,75,Levy County,40801,20078,20723,17710,18081,1831,2048,99,106,111,145,16,12,311,331,18441,19313,1637,1410,3047,32958,3756,129,228,14,48,621,32172,2063,26725,2705,112,192,8,23,344,20123,16404,3719,"1,118.21",36.5,23.7,2.54,83.4,81.1,11.1,77.5,44490,0.21701147420046793,0.10679043109230156,0.21849193985867343,0.1102210431081664,0.2155960988165259,0.01620631753851194,0.17529629584321518,0.019977331366803696,0.0012126814567708314,0.004318847995166294,0.013939924802788578,0.1805838537830949,0.01827799156158173,0.0012973657596390728,0.003290714192417857,0.18247793556539904,49.20957819661283,50.790421803387176,7.467954216808412,80.77743192568809,9.2056567240999,0.5588098330923261,1.9901473003112669,6.412408305358697,83.06912843466368,8.40793236354594,0.5967922417008579,1.5137386547308218,81.51866023952691
37,77,Liberty County,8365,5092,3273,3760,2844,1202,308,57,47,11,16,3,4,59,54,4703,3144,389,129,518,6159,1472,77,16,0,8,115,6588,380,4783,1301,59,10,0,3,52,3357,2525,832,835.56,10,24.1,2.91,79.4,75.6,12.8,78.7,35737,0.04449158063985967,0.027083219201215238,0.055411941316882415,0.017408361438644434,0.03405134543388936,0.002755127169330222,0.03275835566776996,0.007829241685818701,8.510045310672501e-05,0.0010637556638340626,0.0025677030659523314,0.03231927306434211,0.008791004444221009,6.757113331453504e-05,0.0007703109197856995,0.02808807530496419,60.872683801554096,39.127316198445904,6.192468619246862,73.62821279139271,17.597130902570232,0.19127316198445907,2.3909145248057384,5.768063145112325,72.60170006071645,19.74802671523983,0.15179113539769276,1.7304189435336976,75.21596663687816
38,79,Madison County,19224,10035,9189,5987,5388,3864,3620,67,44,20,27,1,0,96,110,9439,8886,596,303,899,10582,7423,76,43,0,6,195,15037,650,8657,5517,68,37,0,4,104,8481,6985,1496,695.95,27.6,22.5,2.52,88.0,78.2,9.7,75.8,40777,0.10224819440773009,0.05337394043287409,0.10920244130300767,0.04887425397485601,0.09559969850046116,0.004781581708934112,0.056283312173460255,0.039481291463201236,0.0002287074677243235,0.0014733015944101769,0.004392123665444778,0.058496330110392986,0.03727899424962898,0.00025001319326377965,0.001189251946335817,0.07770107168521777,52.2003745318352,47.79962546816479,4.676446109030379,55.04577611319185,38.613191843528924,0.22367873491468998,1.4409071993341656,4.322670745494447,57.57132406730066,36.68949923521979,0.24605971935891466,1.1704462326261889,82.36057068741893
39,81,Manatee County,322833,156115,166718,136676,144748,13794,15488,852,805,2412,3072,153,147,2228,2458,131080,143798,25035,22920,47955,236950,27228,608,5203,168,521,4200,256550,30177,201043,18457,486,4009,121,276,1981,172690,135729,36961,742.93,434.5,15.1,2.48,82.7,87.4,26.6,71.4,37459,1.7170771611127098,0.8303410772972735,1.6988678748399644,0.8867360838154363,1.7344858564152663,0.2550620142958124,1.2602845227274058,0.1448196960743693,0.027673603594643142,0.02923732442047921,0.2039094090032724,1.358470335495407,0.12471604075863732,0.0270892673457971,0.019352372581282837,1.509848068541578,48.357819677666164,51.64218032233384,14.854429379896109,73.39708146317136,8.434082017637602,1.611669191191731,1.7027379481031988,11.76261937244202,78.3640615864354,7.194309101539662,1.5626583511985968,1.1163515883843305,78.59690775377844
40,83,Marion County,331298,158993,172305,133939,144094,19535,22208,789,747,2076,2560,103,120,2551,2576,140808,154353,18185,17952,36137,245136,39337,983,4337,121,647,4600,267117,24521,207348,28109,795,3394,91,378,2481,164050,137726,26324,"1,584.55",209.1,18.1,2.43,84.6,85.0,17.4,76.7,47812,1.7621006195844862,0.8456485212998456,1.7301867214837168,0.9164520982846407,1.7926113886300967,0.1922046921198576,1.303824042048134,0.20922478274120263,0.02306754157024165,0.033779561105050655,0.16569117600057137,1.4010739350502213,0.18993569863382653,0.022933642646953193,0.025305389426293373,1.5320626770104944,47.990932634667274,52.00906736533272,10.907702431043955,73.99259880832363,11.873600202838531,1.3090933238353386,1.9170052339585508,9.17987249033195,77.62441177461562,10.52310410793772,1.2706042670440294,1.4020073600706806,83.95367266077416
41,85,Martin County,146318,72423,73895,65369,67841,4486,3581,882,602,717,913,121,92,848,866,62582,65855,9841,8040,17881,117532,7493,248,1510,52,139,1463,120572,11797,100787,5710,196,1178,45,86,773,78131,63899,14232,543.46,269.2,13.0,2.41,85.7,88.8,29.9,76.2,40339,0.7782330061043619,0.3852018822092716,0.7881184261572222,0.3930311238950903,0.7687822092383911,0.09510507512508437,0.6251266534087253,0.03985360594554316,0.008031355261947173,0.010116316363061935,0.07971366597115699,0.6810291813372044,0.03858311712259951,0.00795987950445223,0.0074328246645988544,0.7108118510542206,49.49698601675802,50.503013983241985,12.220642709714458,80.32641233477767,5.121037739717601,1.031998797140475,1.2999084186497902,9.78419533556713,83.59071757953754,4.735759546163288,0.9770095876322861,0.9123179510997578,81.78443895508825
42,86,Miami-Dade County,2496435,1208364,1288071,941474,994996,230787,254219,3267,3200,18979,20595,625,594,13232,14467,427820,444756,780544,843315,1623859,383551,425650,2014,35841,468,4953,20099,1950707,1295007,298743,307838,1444,29533,385,3256,14501,989435,867352,122083,"1,897.72","1,315.50",19.9,3.02,86.9,78.8,26.3,55.7,53210,13.277984353217942,6.427020244865917,13.149606256369461,6.8509641083520245,13.400718168156217,8.636946042589585,2.0400227430960927,2.263937991554844,0.1906303337373832,0.14644724224003539,8.750509064025607,2.0186403079784143,2.0800962537279837,0.19955782801781632,0.13234482170984835,9.648415165113388,48.40358351008538,51.59641648991462,65.04711718911167,15.36394899126154,17.0503137474038,1.4356872900756479,1.102932782147342,66.38654600614034,15.3146013214696,15.780842535552495,1.5139639115459165,1.0040462252916507,87.66134207906534
43,87,Monroe County,73090,38962,34128,35598,30955,2264,2007,160,150,352,464,45,30,543,522,31001,27018,7961,7110,15071,52089,3851,247,782,60,76,914,62089,11437,46146,2932,214,637,52,66,605,52764,32629,20135,983.28,74.3,13.5,2.54,84.0,89.9,28.0,61.7,53821,0.38874950734815816,0.20723024087151376,0.423990584758125,0.18151926647664446,0.35505784203109564,0.08015930804821579,0.27704984386726245,0.020482615307124877,0.004159284645591185,0.006898455479963895,0.07728110517183373,0.31181375179325344,0.019811856287821675,0.004304281192135883,0.006331415191571934,0.36296467688145606,53.30688192639212,46.693118073607884,20.61978382815707,71.26693118073608,5.2688466274456145,1.069913804898071,1.7745245587631686,18.420332103915346,74.32234373238416,4.722253539274267,1.0259466250060398,1.509123999420187,61.83951178834054
44,89,Nassau County,73314,36146,37168,32890,33658,2264,2470,173,163,284,383,26,30,509,464,34902,36032,1244,1136,2380,64410,4581,248,619,46,98,932,57395,1634,50992,3498,198,504,30,54,485,35009,28794,6215,648.64,113,12.6,2.62,86.9,89.4,22.8,78.4,58712,0.38994091369165235,0.19225256112473016,0.39334643182247286,0.19768835256692222,0.386685122849618,0.012658692399625346,0.34258251153775987,0.024365323480119203,0.0032923237795664238,0.007042062494581494,0.011041123183595026,0.3445587229974771,0.02363638243342436,0.003405585119052566,0.005182705925224838,0.3203041743885699,49.302998063125735,50.697001936874265,3.2463103909212427,87.85497994925935,6.248465504542106,0.8443135008320375,1.805930654445263,2.8469378865754855,88.84397595609373,6.0946075442111685,0.8781252722362576,1.3363533408833523,82.2474220914622
45,91,Okaloosa County,180822,90843,89979,75911,74160,9038,8127,595,563,1853,3660,203,212,3243,3257,84375,84151,6468,5828,12296,139500,16333,895,5189,330,397,5882,140434,8155,111833,11837,753,4441,245,227,2943,92407,72379,20028,930.25,194.4,13.4,2.47,81.0,90.9,27.4,66.1,54242,0.9617521332290144,0.48317377884838875,0.9885677504025038,0.4785783543806256,0.9361154936742838,0.06539969821251818,0.7419695755242587,0.08687160628700873,0.02759914069817476,0.03991211250705403,0.055104259218003326,0.7556682551964398,0.07998395050441513,0.030008340304985014,0.028163648365498204,0.8051432881180212,50.2389089823141,49.7610910176859,6.800057515125372,77.14769220559445,9.032639833648561,2.8696729380274526,4.149937507604163,5.806998305253713,79.63384935272086,8.42887050144552,3.162339604369312,2.9679422362106043,78.32631727033666
46,93,Okeechobee County,39996,21430,18566,18588,16789,2157,1124,254,222,170,208,21,20,240,203,15800,14635,5630,3931,9561,26258,3117,287,345,25,28,375,30412,6084,21362,2327,178,257,19,13,172,18509,14013,4496,768.91,52,26.9,2.86,88.7,67.8,10.2,73.9,38339,0.21272985765353586,0.1139814193798198,0.23320461555789282,0.09874843827371604,0.1931552946304888,0.05085283950958736,0.13966048110477408,0.016578632020853867,0.001834978520113758,0.003802926498206774,0.04111027750856312,0.14434545498650975,0.015723802722292304,0.0017365781261835505,0.0025812172926152387,0.1558804749498864,53.58035803580358,46.419641964196416,23.904890489048906,65.65156515651566,7.793279327932794,0.8625862586258627,1.7876787678767876,20.005261081152177,70.24200973300013,7.6515849006970935,0.845061160068394,1.2560831250822044,75.7091144848452
47,95,Orange County,1145956,564326,581630,400208,403198,119257,129615,3082,3068,28034,31518,1114,1072,12631,13159,413220,424492,151106,157138,308244,526754,223200,2449,55541,1038,6278,22452,875809,220285,433549,157754,1903,43870,806,4373,13269,487839,421847,65992,903.43,"1,268.50",17.0,2.76,79.5,87.2,30.1,57.4,50138,6.095085927523136,3.001524893744106,6.141083895442063,3.093561033779029,6.05111031002538,1.639481504214334,2.801687754736239,1.1871513208388138,0.29541026662503833,0.17135508110870998,1.4884907102192353,2.9295397277383355,1.065961656490116,0.29643456185086525,0.13751401340841027,4.692621902246823,49.244997190118994,50.75500280988101,26.898414947868854,45.96633727647484,19.477187605806854,4.846695684651069,2.8113644851983843,25.152173590360455,49.50268837155133,18.012374844286825,5.009083030660795,2.3236801631405934,86.47258624259233
48,97,Osceola County,268685,131634,137051,106722,111007,16687,17102,1010,988,3766,4293,305,335,3144,3326,72410,74129,59224,62922,122146,108292,24503,596,7120,229,1393,4406,198269,84875,86506,17297,479,5494,154,914,2550,128170,90603,37567,"1,327.45",202.4,17.9,3.07,85.4,83.8,17.6,63.1,46328,1.4290759526862757,0.7001320652656651,1.4324617995495874,0.7289438874206106,1.4258389682431931,0.6496674965733771,0.5759811417395916,0.13032602515463018,0.037869701632492626,0.03523158758618416,0.5735099940071162,0.5845308458507168,0.11687778929415125,0.037123580643005555,0.02768389331896501,1.0078668858834339,48.99194223719225,51.008057762807745,45.46066955728828,40.30444572640825,9.119601019781529,2.6499432420864584,2.4653404544354913,42.808003268287024,43.630623042432255,8.724006274304102,2.7709828566240815,2.0663845583525413,70.68970898026059
49,99,Palm Beach County,1320134,638888,681246,496371,528452,112055,121866,5111,3433,15210,17178,705,590,9436,9727,511446,557865,127442,123381,250823,793571,221209,2171,30549,511,4079,17221,1051250,180155,678572,154233,1563,23630,395,2683,10019,664594,544227,120367,"1,969.76",670.2,14.5,2.51,85.0,87.5,32.4,71.2,53242,7.021500097599582,3.398103642778083,6.952479254528746,3.6233964548214996,7.087486364636539,1.3340719343492555,4.220828229522304,1.1765616332053457,0.1624833588723339,0.12755494165034245,1.2173277522280062,4.5851879075510675,1.0421698604500684,0.15967058802224632,0.09905928143910836,6.053975825344454,48.39569316448179,51.60430683551821,18.999813655280448,60.11291278006626,16.756556531382422,2.3140832673046825,1.8166337659661822,17.137217598097504,64.54906064209275,14.671391200951248,2.2478002378121285,1.3945303210463733,81.88864178731676
50,101,Pasco County,464697,225886,238811,205316,217100,10858,10794,984,953,4536,5603,208,196,3984,4165,198993,211168,26893,27643,54536,372239,19010,1236,9609,223,686,7158,366124,36025,304433,13328,1015,7171,160,410,3582,228928,189612,39316,746.89,622.2,13.9,2.53,87.0,87.2,20.4,76.5,44228,2.471620328583487,1.2014375594041053,2.4581268217410255,1.2701827691793817,2.4845205788000464,0.2900648944142722,1.9798567227496382,0.10110997584742766,0.05110814086890753,0.049480594703241426,0.2434250077656125,2.0570882828343846,0.09005880648161231,0.04845525969985308,0.034914004583620255,2.109242033554404,48.609308861473174,51.390691138526826,11.73581925426676,80.1035943851585,4.090837685631713,2.067799017424257,2.0019496575187703,9.839562552577815,83.15024417956758,3.6402967300695943,1.9586260392653856,1.4112704985196272,82.8260413754543
51,103,Pinellas County,916542,440009,476533,371303,399994,45662,50897,1722,1694,12940,14943,520,539,7862,8466,403511,439790,36498,36743,73241,704786,91922,2066,26749,724,1802,15252,753654,51078,605036,65296,1777,20858,517,1019,8073,503634,415876,87758,273.8,"3,347.50",14.1,2.24,84.3,88.9,27.5,67.0,45258,4.874883718208997,2.3403103294398107,4.788246835604893,2.5345733887691866,4.957711516543721,0.38955264287435293,3.748600496454768,0.4889127406547736,0.14227200125948672,0.1055458369656157,0.3451398347439821,4.088296821609302,0.441212472090588,0.1409398698674572,0.07693649239192961,4.626200556644471,48.00751083965601,51.99248916034399,7.991014050638159,76.89620333819946,10.029218519173153,2.918469639143651,2.165094452845587,6.777380601708476,80.28034084606463,8.663922701929533,2.7675830022795607,1.5107728480177907,82.57504457602147
52,105,Polk County,602095,295313,306782,238690,247014,44534,46897,1904,1733,4750,5524,329,310,5106,5304,240396,255167,54917,51615,106532,388769,85336,1658,9567,238,1083,8912,460359,68425,319132,58950,1344,7339,174,640,4355,281214,227485,53729,"1,797.84",334.9,18.2,2.71,83.7,82.4,18.1,70.5,43946,3.20240983208085,1.5707043817691426,3.2136423067777877,1.631705450311707,3.191671205285501,0.5666200918978518,2.0677761283655234,0.45388326664471784,0.050884752179502384,0.06324559299325419,0.46235547970470603,2.15641109169342,0.39833183088918406,0.049590454739537264,0.04400907912775668,2.5305409151484275,49.04757554870909,50.95242445129091,17.693553342911002,64.5693785864357,14.173178651209525,1.588951909582375,1.9749375098614006,14.86340008558538,69.322420111261,12.805223749291313,1.5941906207981162,1.4147654330641957,80.89390997603249
53,107,Putnam County,74364,36884,37480,30056,30058,5857,6336,234,204,191,270,27,35,519,577,33297,34361,3587,3119,6706,53981,11842,271,444,36,80,1004,57579,4104,44172,8131,232,363,26,32,519,37337,29409,7928,727.62,102.2,26.4,2.57,88.2,77.5,11.4,76.3,34645,0.39552563092678117,0.19617781952427785,0.4013774633801828,0.19934781140250332,0.38993108061783477,0.03566772740835612,0.2871129724471327,0.06298497285561484,0.002361537573711619,0.007398420641965905,0.027731193112285182,0.2984752100769642,0.05494208849804844,0.0024528321393176224,0.005466504685145885,0.3271454283737394,49.5992684632349,50.4007315367651,9.017804313915336,72.59023183260717,15.92437200796084,0.59706309504599,1.870528750470658,7.127598603657584,76.7154691814724,14.121467896281631,0.6304381805866722,1.405026138001702,78.76637115997536
54,109,St. Johns County,190039,92425,97614,83425,88109,5318,5512,306,274,1843,2176,85,74,1448,1469,87552,92515,4873,5099,9972,162194,10388,457,3854,140,290,2744,146188,6686,127373,7387,365,2780,110,153,1334,89830,75338,14492,"1,011.61",149.6,12.3,2.64,81.3,89.4,25.9,73.6,62663,1.0107753129968071,0.49158808614931615,1.0057833221156436,0.5191872268474909,1.0155478255984345,0.05303885739876636,0.8626739306995097,0.05525146917954121,0.020498571642082387,0.01931248407690741,0.04517805973409813,0.8606737963672272,0.04991479617944704,0.01878477506144074,0.013257456356311774,0.8380591751783733,48.634753918932425,51.365246081067575,5.247343966238509,85.34774441035788,5.466246402054315,2.0280047779666277,1.9106604433826742,4.57356280953293,87.12958655977235,5.053082332339179,1.9016608750376227,1.3421074233179195,83.86730490927306
55,111,St. Lucie County,277789,135859,141930,104380,107695,26048,28272,792,720,2037,2554,116,119,2486,2570,112488,119306,23371,22624,45995,170032,51373,664,4226,127,845,4527,215781,30347,143321,35407,480,3230,100,511,2385,137029,108523,28506,555.87,682.6,12.2,2.21,84.8,91.9,30.8,74.5,45196,1.4774981105040021,0.7226039036641596,1.478438911109648,0.7548942068398425,1.4765986732147622,0.24463720879023854,0.9043625151651666,0.2732415985907365,0.022477157176813745,0.03277963078104664,0.2050581182696195,0.9684362397772477,0.23924911172677424,0.021825476060594817,0.02348772594013238,1.2072087906220312,48.907264146528476,51.09273585347152,16.55753107574454,61.209047154494954,18.493532861272406,1.5212985395390026,2.2185903689490942,14.063796163703014,66.41965696701749,16.408766295456967,1.4968880485306864,1.6108925252918467,79.19710426260134
56,113,Santa Rosa County,151372,76422,74950,67385,67067,5166,3198,703,639,1000,1824,108,116,2060,2106,73031,71834,3391,3116,6507,128726,7940,1194,2690,200,218,3897,115163,4247,99429,6130,955,2170,150,101,1981,64760,56910,7850,309.22,"1,367.00",11.3,2.87,86.9,91.8,35.0,70.5,55129,0.8051141117294486,0.4064716767076337,0.8316361703296913,0.39864243502181496,0.7797581241277138,0.03460929052284123,0.6846650579135177,0.042231099854212285,0.014307513678568144,0.029301149760309255,0.028697460318683036,0.6718530214330904,0.04142110472180998,0.014662935929254104,0.021534920187342318,0.6330662834081237,50.48621938007029,49.51378061992971,4.298681394181222,85.03950532463071,5.245355812171339,1.777078984224295,3.6393784847924318,3.687816399364379,86.33762579995312,5.322890164375711,1.8842857515000477,2.767381884806752,87.87831995058679
57,115,Sarasota County,379448,181041,198407,167061,182862,8823,9576,603,577,2147,2878,101,98,2306,2416,165699,183716,15342,14691,30033,321978,17036,667,4818,102,545,4269,319713,20845,280040,11971,547,3716,83,340,2171,228413,175746,52667,600.66,316.4,9.6,2.57,83.3,93.2,41.4,77.0,49388,2.018199795652537,0.9629169456809127,1.970116509809448,1.0552828499716242,2.064169047815975,0.159738869259642,1.712529605649819,0.09061070744538545,0.025625873941762568,0.029694739355927858,0.1408520273941483,1.8922620173402394,0.0808894036908299,0.025109433139681222,0.021224092974095457,1.9549967851668266,47.711675908161325,52.28832409183867,7.9149185132086615,84.8543146887057,4.489679745314246,1.2697392001011996,1.4713478526701946,6.5199100443210005,87.59105823035036,3.744295665174704,1.1622924310240748,0.9824436291298758,76.94220556623308
58,117,Seminole County,422718,204799,217919,168414,177864,23257,25704,816,812,7634,8634,193,205,4485,4700,170106,180155,34693,37764,72457,280452,44196,995,15451,194,1202,7771,325537,51151,224796,32052,778,11744,152,696,4168,181307,164706,16601,571.93,485.7,18.4,2.62,83.5,85.2,19.5,73.0,58971,2.2483433335230365,1.089280480987761,2.2286547858908485,1.1590628525352755,2.2671662528590697,0.38538272067212337,1.4916620171679527,0.23506872659405115,0.08218044380950051,0.05404942527940872,0.3456331040171782,1.518972048457422,0.21657899649974774,0.07935553896458995,0.0391507146424416,1.8321879331403692,48.44813800216693,51.55186199783307,17.140741581858354,66.34493917931104,10.455197081742439,3.655155446420545,2.403966710667632,15.71280683916114,69.05390170702562,9.845885413946801,3.6075776332644214,1.7798284066020145,90.84370708246234
59,119,Sumter County,93420,48611,44809,41181,41197,6445,2702,244,156,262,378,33,19,446,357,44940,42898,3671,1911,5582,77338,8736,294,609,28,77,756,84908,4411,71671,7486,267,532,23,50,468,53026,41361,11665,546.93,170.8,12.0,2.04,85.3,87.8,25.2,90.2,43079,0.49688027057689066,0.2585511328731881,0.5289925136203792,0.23832913770370256,0.46617987703854213,0.029689420577608688,0.4113436776479937,0.04646484739627185,0.0032391359963747208,0.006143188958641712,0.02980562690504141,0.4842890695786041,0.050583750399260934,0.003594784292333264,0.005459747571814431,0.4600993594806432,52.034896167844146,47.965103832155854,5.975165917362449,82.7852708199529,9.351316634553628,0.6518946692357097,1.2363519588953116,5.195034625712536,84.41018514156498,8.816601498092053,0.6265605125547652,0.9516182220756583,78.00135782446347
60,121,Suwannee County,41551,20945,20606,17935,17687,2487,2309,155,146,103,140,14,14,251,310,18770,19185,2175,1421,3596,32300,4696,162,223,11,37,526,32102,2336,25700,3445,126,178,7,11,299,19164,15953,3211,688.55,60.3,23.6,2.64,85.2,79.8,9.8,72.2,36352,0.2210005579398457,0.11140181189502221,0.22792676961549532,0.10959874604482348,0.2143788646534446,0.019126326835736448,0.1717965397092011,0.024976982986823795,0.00118608756517498,0.0039146208429093506,0.015784616742275385,0.17365781261835508,0.023278255426857325,0.0012027661729987237,0.0029934012058339026,0.17746101597627476,50.40793242039903,49.59206757960097,8.654424682919785,77.73579456571443,11.301773723857428,0.5366898510264494,1.7713171764819138,7.2768051834776655,80.05731730110274,10.731418603202293,0.5544825867547194,1.379976325462588,83.24462533917763
61,123,Taylor County,22570,12554,10016,9261,7934,2958,1724,106,81,71,83,3,3,155,191,11955,9838,599,178,777,16483,4629,171,149,5,15,341,18125,626,13280,3758,141,106,3,13,198,11004,7920,3084,"1,043.31",21.6,16.7,2.55,86.7,76.5,11.6,78.1,37408,0.12004482666367396,0.0667719430188641,0.13661459373372778,0.05327288364480986,0.1042035673283947,0.004132690753995334,0.08766942303488427,0.024620624839439383,0.0007924979695563767,0.002829590065798607,0.004229952945489894,0.08973446504170254,0.02539323189960227,0.0007162540131340715,0.002398775232665994,0.08810200254071937,55.62250775365529,44.37749224634471,3.4426229508196724,73.03057155516171,20.509525919361984,0.6601683650863979,2.3571112095702262,3.453793103448276,73.26896551724138,20.733793103448274,0.5848275862068966,1.9586206896551723,71.97382769901853
62,125,Union County,15535,10045,5490,7095,4677,2805,669,33,26,15,19,2,0,95,99,9507,5285,538,205,743,11123,3391,52,32,2,4,188,12525,571,8810,2988,39,28,2,3,84,4508,4048,460,243.56,63.8,19.6,2.79,83.9,73.9,10.0,66.5,41794,0.08262722118831081,0.053427128216065795,0.10931126286883028,0.029200092972245018,0.05711637226766043,0.003951852291143543,0.05916077124413139,0.018035977280306533,0.00017020090621345003,0.001308419466515897,0.003858311712259951,0.05953016845010537,0.02019025463438307,0.00018919917328069814,0.0008649105064260485,0.04502991240970101,64.6604441583521,35.33955584164789,4.7827486321210175,71.599613775346,21.82813002896685,0.20598648213710977,1.583521081429031,4.558882235528943,70.33932135728543,23.8562874251497,0.22355289421157684,1.0219560878243514,89.79591836734694
63,127,Volusia County,494593,241715,252878,207044,215648,25466,27673,1065,1027,3771,4155,176,139,4193,4236,214237,225139,27478,27739,55217,372982,49548,1356,7368,166,778,7178,401320,37697,315483,36696,1133,5904,142,471,3794,254226,208236,45990,"1,101.03",449.2,16.8,2.47,85.6,87.6,20.8,72.0,44400,2.6306305252134026,1.2856285014182522,2.6303804782816638,1.3450020237951503,2.6308695785612812,0.2936869824496272,1.9838085750407817,0.2635348281582507,0.03918875865564687,0.05041138090909622,0.2547229012558027,2.131754385146946,0.24795903081101778,0.039893997108901486,0.03743440785625241,2.316415227407732,48.871496361654934,51.128503638345066,11.164128889814453,75.41190433346205,10.01793393760122,1.4897097209220511,1.9163231182002174,9.393252267517195,78.61133260241205,9.143825376258349,1.4711452207714542,1.3804445330409647,81.9097967949777
64,129,Wakulla County,30776,16992,13784,13454,11923,3066,1419,104,93,74,101,14,11,280,237,16339,13421,653,363,1016,24472,4406,174,166,17,29,496,23851,740,18896,3670,140,128,15,12,250,12804,10490,2314,606.42,50.8,14.4,2.61,80.2,87.7,17.2,78.7,53301,0.16369072155078557,0.09037668119934196,0.1849096046458103,0.0733140403514436,0.1434047496060895,0.005403878772277038,0.1301611430267359,0.0234345372742644,0.0008829172009822719,0.003808245276525944,0.005000263865275593,0.1276824135111454,0.02479860592643436,0.0008649105064260485,0.0028177162592161113,0.11669065740557401,55.21185339225371,44.78814660774629,3.3012737197816477,79.51650636859891,14.31635040291136,0.5393813361060567,2.3264881726020277,3.1025952790239404,79.22518971950862,15.38719550542954,0.5366651293446816,1.7483543666932204,81.92752264917213
65,131,Walton County,55043,28177,26866,25074,24431,1942,1267,263,244,203,306,53,46,642,572,26522,25600,1655,1266,2921,46857,3147,463,491,37,62,1065,43713,2023,37856,2353,391,395,28,42,625,45132,22301,22831,"1,037.63",53,17.9,2.41,83.5,84.5,24.1,73.3,47273,0.2927615150220915,0.14986721669926192,0.3066265260184202,0.14289429832282963,0.27950609423369127,0.015536151470296484,0.24922199570136336,0.016738195370428977,0.0026115201547126238,0.0086536523252901,0.013669640269530438,0.25579728227550386,0.015899487668910094,0.002669059765924134,0.007338225077958505,0.2480761058914877,51.19088712461167,48.80911287538833,5.306760169322166,85.12799084352234,5.717348255000636,0.8920298675580909,2.9558708645967697,4.627913892892275,86.60123990574886,5.382838057328484,0.9036213483403107,2.484386795690069,49.4128334662767
66,133,Washington County,24896,13575,11321,10651,9526,2409,1345,170,156,56,79,12,9,277,206,13103,11060,472,261,733,19551,3698,296,131,15,14,458,19626,510,15588,2940,226,96,9,10,247,10796,8864,1932,582.8,42.7,20.1,2.63,86.4,80.3,11.4,78.6,36216,0.1324163050340641,0.072202415682737,0.14772527560421814,0.06021388935132712,0.11778040991660907,0.0038986645079518395,0.10398743491809878,0.01966884222429182,0.000696759959811311,0.004164603423910355,0.003446127799041287,0.10532988261069724,0.019865913194473304,0.0006486828798195364,0.003324499759075124,0.09860304930819905,54.526831619537276,45.473168380462724,2.9442480719794344,78.53068766066839,14.853791773778921,0.5261889460154242,3.1450835475578405,2.5985937022317334,79.42525221644757,14.98012840110058,0.4891470498318557,2.5068786303882606,82.10448314190441
